Task Name,Assignee,Hours,Start Date,Due Date,Timeline
User Authentication Module,John Doe,40,2024-03-18,2024-04-01,Week 1-2
Database Schema Design,Jane Smith,32,2024-03-18,2024-03-29,Week 1
API Integration Layer,Grace Lee,48,2024-03-20,2024-04-10,Week 1-3
Frontend Component Library,John Doe,36,2024-03-22,2024-04-05,Week 2-3
UI/UX Design System,Alice Williams,40,2024-03-18,2024-04-01,Week 1-2
Real-time Analytics Dashboard,Eve Taylor,44,2024-03-25,2024-04-15,Week 2-4
Testing & QA Automation,Charlie Brown,32,2024-03-30,2024-04-12,Week 2-3
DevOps Pipeline Setup,Diana Martinez,28,2024-03-20,2024-03-27,Week 1
Backend Services,Grace Lee,40,2024-03-25,2024-04-08,Week 2-3
Product Documentation,Frank Wilson,24,2024-04-01,2024-04-12,Week 3-4
Mobile App Development,Bob Johnson,56,2024-03-18,2024-04-15,Week 1-4
Performance Optimization,Jane Smith,20,2024-04-08,2024-04-15,Week 4
Security Audit,Diana Martinez,16,2024-04-01,2024-04-08,Week 3
UI Component Testing,Charlie Brown,24,2024-03-30,2024-04-10,Week 2-3
Data Pipeline Implementation,Eve Taylor,36,2024-03-25,2024-04-08,Week 2-3
